<Map Name="MapA IA542014" Width="10" Height="6">

 <Data>
  "       ,       ,       ,       ,       ,    StW,       ,       ,       ,       "
  "    StW,    StW,    StW,    StW,       ,    StW,       ,    StW,       ,    StW"
  "       ,       ,       ,    StW,       ,    StW,       ,       ,       ,       "
  "    StW,      .,    StW,    StW,       ,       ,       ,    StW,       ,    StW"
  "       ,       ,       ,    StW,    StW,       ,    StW,    StW,       ,       "
  "       ,       ,       ,       ,       ,       ,    StW,       ,       ,   Exit"
 </Data>

 <Parameters GameDifficulty="Easy">
  <Gravity Direction="Down" />

  <Gateways>
    "1,1"
  </Gateways>

  <Goals Time="20">
   <Goal Gather="0" Item="Diam" Points="2" />
  </Goals>
 </Parameters>

</Map>
